<?xml version="1.0"?>

<project name="JavaNCSS"
  xmlns="http://maven.apache.org/DECORATION/1.4.0"
  xmlns:xsi="http://www.w3.org/2001/XMLSchema-instance"
  xsi:schemaLocation="http://maven.apache.org/DECORATION/1.4.0 http://maven.apache.org/xsd/decoration-1.4.0.xsd">
  <bannerLeft>
    <name>JavaNCSS</name>
    <href>http://javancss.codehaus.org/</href>
  </bannerLeft>
  <publishDate position="right" format="yyyy-MM-dd"/>
  <version position="right" />
  <skin>
    <groupId>org.apache.maven.skins</groupId>
    <artifactId>maven-fluido-skin</artifactId>
    <version>1.3.1</version>
  </skin>

  <body>
    <links>
      <item name="JavaNCSS Maven Plugin" href="http://mojo.codehaus.org/javancss-maven-plugin/"/>
      <item name="Maven" href="http://maven.apache.org/"/>
      <item name="Ant" href="http://ant.apache.org/"/>
    </links>
    <breadcrumbs>
      <item name="Chr. Clemens Lee" href="http://www.kclee.de/clemens/java/"/>
      <item name="JavaNCSS" href="http://javancss.codehaus.org/"/>
    </breadcrumbs>

    <menu name="General Information">
      <item name="Home" href="/index.html"/>
      <item name="Usage" href="/usage.html"/>
      <item name="Specification" href="/specification.html"/>
      <item name="Release History" href="/release-history.html"/>
      <item name="Credits" href="/credits.html"/>
      <item name="Related Links" href="/links.html"/>
    </menu>

    <menu name="Development">
      <item name="Development" href="/development.html"/>
      <item name="TODO" href="/todo.html"/>
    </menu>

    ${reports}

  </body>
</project>
